<?xml version="1.0" encoding="UTF-8"?><rss version="2.0"
	xmlns:content="http://purl.org/rss/1.0/modules/content/"
	xmlns:wfw="http://wellformedweb.org/CommentAPI/"
	xmlns:dc="http://purl.org/dc/elements/1.1/"
	xmlns:atom="http://www.w3.org/2005/Atom"
	xmlns:sy="http://purl.org/rss/1.0/modules/syndication/"
	xmlns:slash="http://purl.org/rss/1.0/modules/slash/"
	>

<channel>
	<title>studioSGN</title>
	<atom:link href="./index.html" rel="self" type="application/rss+xml" />
	<link>./../index.html</link>
	<description>Designs that move forward.</description>
	<lastBuildDate>Wed, 13 Oct 2021 16:01:00 +0000</lastBuildDate>
	<language>en-US</language>
	<sy:updatePeriod>
	hourly	</sy:updatePeriod>
	<sy:updateFrequency>
	1	</sy:updateFrequency>
	<generator>https://wordpress.org/?v=5.8.1</generator>

<image>
	<url>./../wp-content/uploads/2021/10/cropped-SGN-favicon-32x32.png</url>
	<title>studioSGN</title>
	<link>./../index.html</link>
	<width>32</width>
	<height>32</height>
</image> 
	<item>
		<title>The Black Love Blueprint</title>
		<link>./../black-love/index.html</link>
		
		<dc:creator><![CDATA[studioSGN]]></dc:creator>
		<pubDate>Mon, 11 Oct 2021 16:20:37 +0000</pubDate>
				<category><![CDATA[Logo Design]]></category>
		<guid isPermaLink="false">./../index.html?p=803</guid>

					<description><![CDATA[The Black Love Blueprint when July 2018 &#8211; Jan 2019 who Boyce Watkins Films what Film Editing • Motion Graphics about The Black Love Blueprint is a documentary film that explores the challenges of black love and ways to heal the growing war between black men and black women. The root problem for every documentary [&#8230;]]]></description>
										<content:encoded><![CDATA[		<div data-elementor-type="wp-post" data-elementor-id="803" class="elementor elementor-803" data-elementor-settings="[]">
							<div class="elementor-section-wrap">
							<section class="elementor-section elementor-top-section elementor-element elementor-element-ed22fb9 elementor-section-boxed elementor-section-height-default elementor-section-height-default" data-id="ed22fb9" data-element_type="section">
						<div class="elementor-container elementor-column-gap-default">
					<div class="elementor-column elementor-col-100 elementor-top-column elementor-element elementor-element-96eba69" data-id="96eba69" data-element_type="column">
			<div class="elementor-widget-wrap elementor-element-populated">
								<div class="elementor-element elementor-element-71174be elementor-widget elementor-widget-page-title" data-id="71174be" data-element_type="widget" data-widget_type="page-title.default">
				<div class="elementor-widget-container">
					
		<div class="hfe-page-title hfe-page-title-wrapper elementor-widget-heading">

								<h1 class="elementor-heading-title elementor-size-default">
								
				The Black Love Blueprint  
			</h1 > 
					</div>
				</div>
				</div>
				<div class="elementor-element elementor-element-70d0919 elementor-widget elementor-widget-image" data-id="70d0919" data-element_type="widget" data-widget_type="image.default">
				<div class="elementor-widget-container">
															<img width="150" height="18" src="./../wp-content/uploads/2021/10/separator.png" class="attachment-large size-large" alt="" loading="lazy" />															</div>
				</div>
				<div class="elementor-element elementor-element-077accc elementor-widget elementor-widget-image" data-id="077accc" data-element_type="widget" data-widget_type="image.default">
				<div class="elementor-widget-container">
																<a href="./../wp-content/uploads/2021/10/The-Black-Love-Blueprint-Title-Card-16x9-1.png" data-elementor-open-lightbox="yes">
							<img width="1920" height="1080" src="./../wp-content/uploads/2021/10/The-Black-Love-Blueprint-Title-Card-16x9-1.png" class="attachment-full size-full" alt="" loading="lazy" srcset="./../wp-content/uploads/2021/10/The-Black-Love-Blueprint-Title-Card-16x9-1.png 1920w, ./../wp-content/uploads/2021/10/The-Black-Love-Blueprint-Title-Card-16x9-1-300x169.png 300w, ./../wp-content/uploads/2021/10/The-Black-Love-Blueprint-Title-Card-16x9-1-1024x576.png 1024w, ./../wp-content/uploads/2021/10/The-Black-Love-Blueprint-Title-Card-16x9-1-768x432.png 768w, ./../wp-content/uploads/2021/10/The-Black-Love-Blueprint-Title-Card-16x9-1-1536x864.png 1536w" sizes="(max-width: 1920px) 100vw, 1920px" />								</a>
															</div>
				</div>
					</div>
		</div>
							</div>
		</section>
				<section class="elementor-section elementor-top-section elementor-element elementor-element-6b1cc9ac elementor-section-boxed elementor-section-height-default elementor-section-height-default" data-id="6b1cc9ac" data-element_type="section">
						<div class="elementor-container elementor-column-gap-default">
					<div class="elementor-column elementor-col-100 elementor-top-column elementor-element elementor-element-1dff095" data-id="1dff095" data-element_type="column">
			<div class="elementor-widget-wrap elementor-element-populated">
								<section class="elementor-section elementor-inner-section elementor-element elementor-element-6275110f elementor-section-boxed elementor-section-height-default elementor-section-height-default" data-id="6275110f" data-element_type="section">
						<div class="elementor-container elementor-column-gap-default">
					<div class="elementor-column elementor-col-33 elementor-inner-column elementor-element elementor-element-71f165d9" data-id="71f165d9" data-element_type="column">
			<div class="elementor-widget-wrap elementor-element-populated">
								<div class="elementor-element elementor-element-88c4856 elementor-widget elementor-widget-heading" data-id="88c4856" data-element_type="widget" data-widget_type="heading.default">
				<div class="elementor-widget-container">
			<h3 class="elementor-heading-title elementor-size-default">when</h3>		</div>
				</div>
				<div class="elementor-element elementor-element-d5574b8 elementor-widget elementor-widget-text-editor" data-id="d5574b8" data-element_type="widget" data-widget_type="text-editor.default">
				<div class="elementor-widget-container">
							<p>July 2018 &#8211; Jan 2019</p>						</div>
				</div>
					</div>
		</div>
				<div class="elementor-column elementor-col-33 elementor-inner-column elementor-element elementor-element-c514a00" data-id="c514a00" data-element_type="column">
			<div class="elementor-widget-wrap elementor-element-populated">
								<div class="elementor-element elementor-element-3ee59891 elementor-widget elementor-widget-heading" data-id="3ee59891" data-element_type="widget" data-widget_type="heading.default">
				<div class="elementor-widget-container">
			<h3 class="elementor-heading-title elementor-size-default">who</h3>		</div>
				</div>
				<div class="elementor-element elementor-element-77717f72 elementor-widget elementor-widget-text-editor" data-id="77717f72" data-element_type="widget" data-widget_type="text-editor.default">
				<div class="elementor-widget-container">
							<p>Boyce Watkins Films</p>						</div>
				</div>
					</div>
		</div>
				<div class="elementor-column elementor-col-33 elementor-inner-column elementor-element elementor-element-2f68051a" data-id="2f68051a" data-element_type="column">
			<div class="elementor-widget-wrap elementor-element-populated">
								<div class="elementor-element elementor-element-103bcf0e elementor-widget elementor-widget-heading" data-id="103bcf0e" data-element_type="widget" data-widget_type="heading.default">
				<div class="elementor-widget-container">
			<h3 class="elementor-heading-title elementor-size-default">what</h3>		</div>
				</div>
				<div class="elementor-element elementor-element-1b95510f elementor-widget elementor-widget-text-editor" data-id="1b95510f" data-element_type="widget" data-widget_type="text-editor.default">
				<div class="elementor-widget-container">
							<p>Film Editing • Motion Graphics</p>						</div>
				</div>
					</div>
		</div>
							</div>
		</section>
				<section class="elementor-section elementor-inner-section elementor-element elementor-element-2c18084a elementor-section-boxed elementor-section-height-default elementor-section-height-default" data-id="2c18084a" data-element_type="section">
						<div class="elementor-container elementor-column-gap-default">
					<div class="elementor-column elementor-col-100 elementor-inner-column elementor-element elementor-element-247c47a9" data-id="247c47a9" data-element_type="column">
			<div class="elementor-widget-wrap elementor-element-populated">
								<div class="elementor-element elementor-element-161b63f6 elementor-widget elementor-widget-heading" data-id="161b63f6" data-element_type="widget" data-widget_type="heading.default">
				<div class="elementor-widget-container">
			<h3 class="elementor-heading-title elementor-size-default">about</h3>		</div>
				</div>
				<div class="elementor-element elementor-element-19be1b16 elementor-widget elementor-widget-text-editor" data-id="19be1b16" data-element_type="widget" data-widget_type="text-editor.default">
				<div class="elementor-widget-container">
							<div class="brz-css-yppml brz-wrapper"><div class="brz-rich-text brz-css-btvwy" data-custom-id="dctwuyeuyezovuvhjmrfnspzydxslhmuyywm"><div><p class="brz-css-lkaic" data-uniq-id="yaelm" data-generated-css="brz-css-trach">The Black Love Blueprint is a documentary film that explores the challenges of black love and ways to heal the growing war between black men and black women. The root problem for every documentary film is how to get its main message to reach the audience more easily. That is why coming up with а unique design concept for the film was an important part of this project. Having a visual theme that well connects to the content of the film, makes the viewers better engaged and more open towards understanding its message.</p></div></div></div>						</div>
				</div>
					</div>
		</div>
							</div>
		</section>
					</div>
		</div>
							</div>
		</section>
				<section class="elementor-section elementor-top-section elementor-element elementor-element-4b4e8de4 elementor-section-boxed elementor-section-height-default elementor-section-height-default" data-id="4b4e8de4" data-element_type="section">
						<div class="elementor-container elementor-column-gap-default">
					<div class="elementor-column elementor-col-100 elementor-top-column elementor-element elementor-element-34cb2190" data-id="34cb2190" data-element_type="column">
			<div class="elementor-widget-wrap elementor-element-populated">
								<div class="elementor-element elementor-element-7d7c3bfa elementor-widget elementor-widget-image" data-id="7d7c3bfa" data-element_type="widget" data-widget_type="image.default">
				<div class="elementor-widget-container">
																<a href="./../wp-content/uploads/2021/10/TBLB-Project-Showcase.png" data-elementor-open-lightbox="yes">
							<img width="1920" height="1080" src="./../wp-content/uploads/2021/10/TBLB-Project-Showcase.png" class="attachment-full size-full" alt="" loading="lazy" srcset="./../wp-content/uploads/2021/10/TBLB-Project-Showcase.png 1920w, ./../wp-content/uploads/2021/10/TBLB-Project-Showcase-300x169.png 300w, ./../wp-content/uploads/2021/10/TBLB-Project-Showcase-1024x576.png 1024w, ./../wp-content/uploads/2021/10/TBLB-Project-Showcase-768x432.png 768w, ./../wp-content/uploads/2021/10/TBLB-Project-Showcase-1536x864.png 1536w" sizes="(max-width: 1920px) 100vw, 1920px" />								</a>
															</div>
				</div>
					</div>
		</div>
							</div>
		</section>
				<section class="elementor-section elementor-top-section elementor-element elementor-element-971f1c3 elementor-section-boxed elementor-section-height-default elementor-section-height-default" data-id="971f1c3" data-element_type="section">
						<div class="elementor-container elementor-column-gap-default">
					<div class="elementor-column elementor-col-100 elementor-top-column elementor-element elementor-element-7edd010" data-id="7edd010" data-element_type="column">
			<div class="elementor-widget-wrap elementor-element-populated">
								<section class="elementor-section elementor-inner-section elementor-element elementor-element-cc9b4f1 elementor-section-boxed elementor-section-height-default elementor-section-height-default" data-id="cc9b4f1" data-element_type="section">
						<div class="elementor-container elementor-column-gap-default">
					<div class="elementor-column elementor-col-100 elementor-inner-column elementor-element elementor-element-cad1046" data-id="cad1046" data-element_type="column">
			<div class="elementor-widget-wrap elementor-element-populated">
								<div class="elementor-element elementor-element-8b92795 elementor-widget elementor-widget-text-editor" data-id="8b92795" data-element_type="widget" data-widget_type="text-editor.default">
				<div class="elementor-widget-container">
							<div class="brz-css-yppml brz-wrapper"><div class="brz-rich-text brz-css-btvwy" data-custom-id="dctwuyeuyezovuvhjmrfnspzydxslhmuyywm"><div><p>The overall style of the film was designed to resemble a blueprint paper, as the film title suggested. Various elements such as hand-drawn sketches, scotch tape or paper cutouts help to visually compliment that idea. The contrasting gold color used in the main title, combined with a serif typeface, brings a feeling of something elegant, classy and long-standing. Capitalizing the word &#8220;love&#8221; makes it the main focal point, while also balancing the typography layout.</p></div></div></div>						</div>
				</div>
					</div>
		</div>
							</div>
		</section>
					</div>
		</div>
							</div>
		</section>
				<section class="elementor-section elementor-top-section elementor-element elementor-element-999818c elementor-section-boxed elementor-section-height-default elementor-section-height-default" data-id="999818c" data-element_type="section">
						<div class="elementor-container elementor-column-gap-default">
					<div class="elementor-column elementor-col-100 elementor-top-column elementor-element elementor-element-f545fa6" data-id="f545fa6" data-element_type="column">
			<div class="elementor-widget-wrap elementor-element-populated">
								<div class="elementor-element elementor-element-66b1bd3 elementor-widget elementor-widget-image" data-id="66b1bd3" data-element_type="widget" data-widget_type="image.default">
				<div class="elementor-widget-container">
																<a href="./../wp-content/uploads/2021/10/The-Black-Love-Blueprint-Idea-01.jpg" data-elementor-open-lightbox="yes">
							<img width="1920" height="1436" src="./../wp-content/uploads/2021/10/The-Black-Love-Blueprint-Idea-01.jpg" class="attachment-full size-full" alt="" loading="lazy" srcset="./../wp-content/uploads/2021/10/The-Black-Love-Blueprint-Idea-01.jpg 1920w, ./../wp-content/uploads/2021/10/The-Black-Love-Blueprint-Idea-01-300x224.jpg 300w, ./../wp-content/uploads/2021/10/The-Black-Love-Blueprint-Idea-01-1024x766.jpg 1024w, ./../wp-content/uploads/2021/10/The-Black-Love-Blueprint-Idea-01-768x574.jpg 768w, ./../wp-content/uploads/2021/10/The-Black-Love-Blueprint-Idea-01-1536x1149.jpg 1536w" sizes="(max-width: 1920px) 100vw, 1920px" />								</a>
															</div>
				</div>
				<div class="elementor-element elementor-element-ad74c70 elementor-widget elementor-widget-image" data-id="ad74c70" data-element_type="widget" data-widget_type="image.default">
				<div class="elementor-widget-container">
																<a href="./../wp-content/uploads/2021/10/The-Black-Love-Blueprint-Idea-02.jpg" data-elementor-open-lightbox="yes">
							<img width="1920" height="1436" src="./../wp-content/uploads/2021/10/The-Black-Love-Blueprint-Idea-02.jpg" class="attachment-full size-full" alt="" loading="lazy" srcset="./../wp-content/uploads/2021/10/The-Black-Love-Blueprint-Idea-02.jpg 1920w, ./../wp-content/uploads/2021/10/The-Black-Love-Blueprint-Idea-02-300x224.jpg 300w, ./../wp-content/uploads/2021/10/The-Black-Love-Blueprint-Idea-02-1024x766.jpg 1024w, ./../wp-content/uploads/2021/10/The-Black-Love-Blueprint-Idea-02-768x574.jpg 768w, ./../wp-content/uploads/2021/10/The-Black-Love-Blueprint-Idea-02-1536x1149.jpg 1536w" sizes="(max-width: 1920px) 100vw, 1920px" />								</a>
															</div>
				</div>
					</div>
		</div>
							</div>
		</section>
				<section class="elementor-section elementor-top-section elementor-element elementor-element-1a497abd elementor-section-boxed elementor-section-height-default elementor-section-height-default" data-id="1a497abd" data-element_type="section">
						<div class="elementor-container elementor-column-gap-default">
					<div class="elementor-column elementor-col-100 elementor-top-column elementor-element elementor-element-1695bb02" data-id="1695bb02" data-element_type="column">
			<div class="elementor-widget-wrap elementor-element-populated">
								<section class="elementor-section elementor-inner-section elementor-element elementor-element-112377e0 elementor-section-boxed elementor-section-height-default elementor-section-height-default" data-id="112377e0" data-element_type="section">
						<div class="elementor-container elementor-column-gap-default">
					<div class="elementor-column elementor-col-100 elementor-inner-column elementor-element elementor-element-24c27a0c" data-id="24c27a0c" data-element_type="column">
			<div class="elementor-widget-wrap elementor-element-populated">
								<div class="elementor-element elementor-element-f41d4be elementor-widget elementor-widget-text-editor" data-id="f41d4be" data-element_type="widget" data-widget_type="text-editor.default">
				<div class="elementor-widget-container">
							<div class="brz-css-yppml brz-wrapper"><div class="brz-rich-text brz-css-btvwy" data-custom-id="dctwuyeuyezovuvhjmrfnspzydxslhmuyywm"><div><p>The final part of this project was cutting together several trailers. They all had to be different from each other, not only in terms of their time duration, but also as to what mood they carry. The first example below demonstrates a trailer that goes from feeling dramatic to uplifting, whereas the second trailer has more suspense.</p></div></div></div>						</div>
				</div>
					</div>
		</div>
							</div>
		</section>
					</div>
		</div>
							</div>
		</section>
				<section class="elementor-section elementor-top-section elementor-element elementor-element-d07d81c elementor-section-boxed elementor-section-height-default elementor-section-height-default" data-id="d07d81c" data-element_type="section">
						<div class="elementor-container elementor-column-gap-default">
					<div class="elementor-column elementor-col-50 elementor-top-column elementor-element elementor-element-72f000c" data-id="72f000c" data-element_type="column">
			<div class="elementor-widget-wrap elementor-element-populated">
								<div class="elementor-element elementor-element-a2789d3 elementor-aspect-ratio-169 elementor-widget elementor-widget-video" data-id="a2789d3" data-element_type="widget" data-settings="{&quot;youtube_url&quot;:&quot;https:\/\/www.youtube.com\/watch?v=dJ8fe3vjfDQ&quot;,&quot;show_image_overlay&quot;:&quot;yes&quot;,&quot;image_overlay&quot;:{&quot;url&quot;:&quot;.\/wp-content\/uploads\/2021\/10\/TBLB-Trailer-1.png&quot;,&quot;id&quot;:810,&quot;alt&quot;:&quot;&quot;,&quot;source&quot;:&quot;library&quot;},&quot;lightbox&quot;:&quot;yes&quot;,&quot;video_type&quot;:&quot;youtube&quot;,&quot;controls&quot;:&quot;yes&quot;,&quot;aspect_ratio&quot;:&quot;169&quot;}" data-widget_type="video.default">
				<div class="elementor-widget-container">
					<div class="elementor-wrapper elementor-open-lightbox">
							<div class="elementor-custom-embed-image-overlay" data-elementor-open-lightbox="yes" data-elementor-lightbox="{&quot;type&quot;:&quot;video&quot;,&quot;videoType&quot;:&quot;youtube&quot;,&quot;url&quot;:&quot;https:\/\/www.youtube.com\/embed\/dJ8fe3vjfDQ?feature=oembed&amp;start&amp;end&amp;wmode=opaque&amp;loop=0&amp;controls=1&amp;mute=0&amp;rel=0&amp;modestbranding=0&quot;,&quot;modalOptions&quot;:{&quot;id&quot;:&quot;elementor-lightbox-a2789d3&quot;,&quot;entranceAnimation&quot;:&quot;&quot;,&quot;entranceAnimation_tablet&quot;:&quot;&quot;,&quot;entranceAnimation_mobile&quot;:&quot;&quot;,&quot;videoAspectRatio&quot;:&quot;169&quot;}}">
											<img width="1255" height="705" src="./../wp-content/uploads/2021/10/TBLB-Trailer-1.png" class="attachment-full size-full" alt="" loading="lazy" srcset="./../wp-content/uploads/2021/10/TBLB-Trailer-1.png 1255w, ./../wp-content/uploads/2021/10/TBLB-Trailer-1-300x169.png 300w, ./../wp-content/uploads/2021/10/TBLB-Trailer-1-1024x575.png 1024w, ./../wp-content/uploads/2021/10/TBLB-Trailer-1-768x431.png 768w" sizes="(max-width: 1255px) 100vw, 1255px" />														</div>
					</div>
				</div>
				</div>
				<div class="elementor-element elementor-element-721d48c elementor-widget elementor-widget-text-editor" data-id="721d48c" data-element_type="widget" data-widget_type="text-editor.default">
				<div class="elementor-widget-container">
							<div><div data-custom-id="dctwuyeuyezovuvhjmrfnspzydxslhmuyywm"><div><p>Trailer 1</p></div></div></div>						</div>
				</div>
					</div>
		</div>
				<div class="elementor-column elementor-col-50 elementor-top-column elementor-element elementor-element-b21d5c7" data-id="b21d5c7" data-element_type="column">
			<div class="elementor-widget-wrap elementor-element-populated">
								<div class="elementor-element elementor-element-d648bba elementor-aspect-ratio-169 elementor-widget elementor-widget-video" data-id="d648bba" data-element_type="widget" data-settings="{&quot;youtube_url&quot;:&quot;https:\/\/www.youtube.com\/watch?v=0NnPojiKh0g&quot;,&quot;show_image_overlay&quot;:&quot;yes&quot;,&quot;image_overlay&quot;:{&quot;url&quot;:&quot;.\/wp-content\/uploads\/2021\/10\/TBLB-Trailer-2.png&quot;,&quot;id&quot;:811,&quot;alt&quot;:&quot;&quot;,&quot;source&quot;:&quot;library&quot;},&quot;lightbox&quot;:&quot;yes&quot;,&quot;video_type&quot;:&quot;youtube&quot;,&quot;controls&quot;:&quot;yes&quot;,&quot;aspect_ratio&quot;:&quot;169&quot;}" data-widget_type="video.default">
				<div class="elementor-widget-container">
					<div class="elementor-wrapper elementor-open-lightbox">
							<div class="elementor-custom-embed-image-overlay" data-elementor-open-lightbox="yes" data-elementor-lightbox="{&quot;type&quot;:&quot;video&quot;,&quot;videoType&quot;:&quot;youtube&quot;,&quot;url&quot;:&quot;https:\/\/www.youtube.com\/embed\/0NnPojiKh0g?feature=oembed&amp;start&amp;end&amp;wmode=opaque&amp;loop=0&amp;controls=1&amp;mute=0&amp;rel=0&amp;modestbranding=0&quot;,&quot;modalOptions&quot;:{&quot;id&quot;:&quot;elementor-lightbox-d648bba&quot;,&quot;entranceAnimation&quot;:&quot;&quot;,&quot;entranceAnimation_tablet&quot;:&quot;&quot;,&quot;entranceAnimation_mobile&quot;:&quot;&quot;,&quot;videoAspectRatio&quot;:&quot;169&quot;}}">
											<img width="1255" height="705" src="./../wp-content/uploads/2021/10/TBLB-Trailer-2.png" class="attachment-full size-full" alt="" loading="lazy" srcset="./../wp-content/uploads/2021/10/TBLB-Trailer-2.png 1255w, ./../wp-content/uploads/2021/10/TBLB-Trailer-2-300x169.png 300w, ./../wp-content/uploads/2021/10/TBLB-Trailer-2-1024x575.png 1024w, ./../wp-content/uploads/2021/10/TBLB-Trailer-2-768x431.png 768w" sizes="(max-width: 1255px) 100vw, 1255px" />														</div>
					</div>
				</div>
				</div>
				<div class="elementor-element elementor-element-df8529d elementor-widget elementor-widget-text-editor" data-id="df8529d" data-element_type="widget" data-widget_type="text-editor.default">
				<div class="elementor-widget-container">
							<div>
<div data-custom-id="dctwuyeuyezovuvhjmrfnspzydxslhmuyywm">
<div>
<p>Trailer 2<br></p>
</div>
</div>
</div>						</div>
				</div>
					</div>
		</div>
							</div>
		</section>
				<section class="elementor-section elementor-top-section elementor-element elementor-element-4f0e579 elementor-section-boxed elementor-section-height-default elementor-section-height-default" data-id="4f0e579" data-element_type="section">
						<div class="elementor-container elementor-column-gap-default">
					<div class="elementor-column elementor-col-100 elementor-top-column elementor-element elementor-element-6dd0252" data-id="6dd0252" data-element_type="column">
			<div class="elementor-widget-wrap elementor-element-populated">
								<section class="elementor-section elementor-inner-section elementor-element elementor-element-329fc25 elementor-section-boxed elementor-section-height-default elementor-section-height-default" data-id="329fc25" data-element_type="section">
						<div class="elementor-container elementor-column-gap-default">
					<div class="elementor-column elementor-col-100 elementor-inner-column elementor-element elementor-element-297f22b" data-id="297f22b" data-element_type="column">
			<div class="elementor-widget-wrap elementor-element-populated">
								<div class="elementor-element elementor-element-09d9d6a elementor-widget elementor-widget-text-editor" data-id="09d9d6a" data-element_type="widget" data-widget_type="text-editor.default">
				<div class="elementor-widget-container">
							<div class="brz-css-yppml brz-wrapper"><div class="brz-rich-text brz-css-btvwy" data-custom-id="dctwuyeuyezovuvhjmrfnspzydxslhmuyywm"><div>From the editing process to creating all motion graphics, working on a full-length documentary film requires a lot of time, energy and commitment. Such huge projects involve a lot of cooperation and creative skills. The Black Love Blueprint film is available for streaming on <a href="https://www.amazon.com/Black-Love-Blueprint-Ending-Between/dp/B07NVS8LSB" target="a_blank">Amazon Prime</a> and <a href="https://vimeo.com/ondemand/theblackloveblueprint" target="a_blank">Vimeo On Demand</a>.</div></div></div>						</div>
				</div>
					</div>
		</div>
							</div>
		</section>
					</div>
		</div>
							</div>
		</section>
						</div>
					</div>
		]]></content:encoded>
					
		
		
			</item>
		<item>
		<title>Different Level Gaming</title>
		<link>./../dlg/index.html</link>
		
		<dc:creator><![CDATA[studioSGN]]></dc:creator>
		<pubDate>Mon, 11 Oct 2021 16:20:37 +0000</pubDate>
				<category><![CDATA[Logo Design]]></category>
		<guid isPermaLink="false">./../index.html?p=782</guid>

					<description><![CDATA[Tedi Eroteeva when Nov 2015 – Dec 2015 who Different Level Gaming what Logo Design • Identity System about A group of young enthusiastic gamers got together to create their own esports organization called Different Level Gaming. But no matter how big or small, every team has a single goal &#8211; always try to bring [&#8230;]]]></description>
										<content:encoded><![CDATA[		<div data-elementor-type="wp-post" data-elementor-id="782" class="elementor elementor-782" data-elementor-settings="[]">
							<div class="elementor-section-wrap">
							<section class="elementor-section elementor-top-section elementor-element elementor-element-ed22fb9 elementor-section-boxed elementor-section-height-default elementor-section-height-default" data-id="ed22fb9" data-element_type="section">
						<div class="elementor-container elementor-column-gap-default">
					<div class="elementor-column elementor-col-100 elementor-top-column elementor-element elementor-element-96eba69" data-id="96eba69" data-element_type="column">
			<div class="elementor-widget-wrap elementor-element-populated">
								<div class="elementor-element elementor-element-71174be elementor-widget elementor-widget-page-title" data-id="71174be" data-element_type="widget" data-widget_type="page-title.default">
				<div class="elementor-widget-container">
					
		<div class="hfe-page-title hfe-page-title-wrapper elementor-widget-heading">

								<h1 class="elementor-heading-title elementor-size-default">
								
				Different Level Gaming  
			</h1 > 
					</div>
				</div>
				</div>
				<div class="elementor-element elementor-element-70d0919 elementor-widget elementor-widget-image" data-id="70d0919" data-element_type="widget" data-widget_type="image.default">
				<div class="elementor-widget-container">
															<img width="150" height="18" src="./../wp-content/uploads/2021/10/separator.png" class="attachment-large size-large" alt="" loading="lazy" />															</div>
				</div>
				<div class="elementor-element elementor-element-077accc elementor-widget elementor-widget-image" data-id="077accc" data-element_type="widget" data-widget_type="image.default">
				<div class="elementor-widget-container">
																<a href="./../wp-content/uploads/2021/10/DLG-Logo-Mockup-Sweatshirt.jpg" data-elementor-open-lightbox="yes">
							<img width="1070" height="800" src="./../wp-content/uploads/2021/10/DLG-Logo-Mockup-Sweatshirt.jpg" class="attachment-full size-full" alt="" loading="lazy" srcset="./../wp-content/uploads/2021/10/DLG-Logo-Mockup-Sweatshirt.jpg 1070w, ./../wp-content/uploads/2021/10/DLG-Logo-Mockup-Sweatshirt-300x224.jpg 300w, ./../wp-content/uploads/2021/10/DLG-Logo-Mockup-Sweatshirt-1024x766.jpg 1024w, ./../wp-content/uploads/2021/10/DLG-Logo-Mockup-Sweatshirt-768x574.jpg 768w" sizes="(max-width: 1070px) 100vw, 1070px" />								</a>
															</div>
				</div>
					</div>
		</div>
							</div>
		</section>
				<section class="elementor-section elementor-top-section elementor-element elementor-element-6b1cc9ac elementor-section-boxed elementor-section-height-default elementor-section-height-default" data-id="6b1cc9ac" data-element_type="section">
						<div class="elementor-container elementor-column-gap-default">
					<div class="elementor-column elementor-col-100 elementor-top-column elementor-element elementor-element-1dff095" data-id="1dff095" data-element_type="column">
			<div class="elementor-widget-wrap elementor-element-populated">
								<section class="elementor-section elementor-inner-section elementor-element elementor-element-6275110f elementor-section-boxed elementor-section-height-default elementor-section-height-default" data-id="6275110f" data-element_type="section">
						<div class="elementor-container elementor-column-gap-default">
					<div class="elementor-column elementor-col-33 elementor-inner-column elementor-element elementor-element-71f165d9" data-id="71f165d9" data-element_type="column">
			<div class="elementor-widget-wrap elementor-element-populated">
								<div class="elementor-element elementor-element-88c4856 elementor-widget elementor-widget-heading" data-id="88c4856" data-element_type="widget" data-widget_type="heading.default">
				<div class="elementor-widget-container">
			<h3 class="elementor-heading-title elementor-size-default">when</h3>		</div>
				</div>
				<div class="elementor-element elementor-element-d5574b8 elementor-widget elementor-widget-text-editor" data-id="d5574b8" data-element_type="widget" data-widget_type="text-editor.default">
				<div class="elementor-widget-container">
							<p>Nov 2015 – Dec 2015</p>						</div>
				</div>
					</div>
		</div>
				<div class="elementor-column elementor-col-33 elementor-inner-column elementor-element elementor-element-c514a00" data-id="c514a00" data-element_type="column">
			<div class="elementor-widget-wrap elementor-element-populated">
								<div class="elementor-element elementor-element-3ee59891 elementor-widget elementor-widget-heading" data-id="3ee59891" data-element_type="widget" data-widget_type="heading.default">
				<div class="elementor-widget-container">
			<h3 class="elementor-heading-title elementor-size-default">who</h3>		</div>
				</div>
				<div class="elementor-element elementor-element-77717f72 elementor-widget elementor-widget-text-editor" data-id="77717f72" data-element_type="widget" data-widget_type="text-editor.default">
				<div class="elementor-widget-container">
							<p>Different Level Gaming</p>						</div>
				</div>
					</div>
		</div>
				<div class="elementor-column elementor-col-33 elementor-inner-column elementor-element elementor-element-2f68051a" data-id="2f68051a" data-element_type="column">
			<div class="elementor-widget-wrap elementor-element-populated">
								<div class="elementor-element elementor-element-103bcf0e elementor-widget elementor-widget-heading" data-id="103bcf0e" data-element_type="widget" data-widget_type="heading.default">
				<div class="elementor-widget-container">
			<h3 class="elementor-heading-title elementor-size-default">what</h3>		</div>
				</div>
				<div class="elementor-element elementor-element-1b95510f elementor-widget elementor-widget-text-editor" data-id="1b95510f" data-element_type="widget" data-widget_type="text-editor.default">
				<div class="elementor-widget-container">
							<p>Logo Design • Identity System</p>						</div>
				</div>
					</div>
		</div>
							</div>
		</section>
				<section class="elementor-section elementor-inner-section elementor-element elementor-element-2c18084a elementor-section-boxed elementor-section-height-default elementor-section-height-default" data-id="2c18084a" data-element_type="section">
						<div class="elementor-container elementor-column-gap-default">
					<div class="elementor-column elementor-col-100 elementor-inner-column elementor-element elementor-element-247c47a9" data-id="247c47a9" data-element_type="column">
			<div class="elementor-widget-wrap elementor-element-populated">
								<div class="elementor-element elementor-element-161b63f6 elementor-widget elementor-widget-heading" data-id="161b63f6" data-element_type="widget" data-widget_type="heading.default">
				<div class="elementor-widget-container">
			<h3 class="elementor-heading-title elementor-size-default">about</h3>		</div>
				</div>
				<div class="elementor-element elementor-element-19be1b16 elementor-widget elementor-widget-text-editor" data-id="19be1b16" data-element_type="widget" data-widget_type="text-editor.default">
				<div class="elementor-widget-container">
							<div class="brz-css-yppml brz-wrapper"><div class="brz-rich-text brz-css-btvwy" data-custom-id="dctwuyeuyezovuvhjmrfnspzydxslhmuyywm"><div><p class="brz-css-lkaic" data-uniq-id="yaelm" data-generated-css="brz-css-trach">A group of young enthusiastic gamers got together to create their own esports organization called Different Level Gaming. But no matter how big or small, every team has a single goal &#8211; always try to bring your level up. Certainly, one of the ways to achieve this is by having a professional logo that represents your organization. The final design had to feel unique but also be flexible enough, so that it could be reused by multiple gaming teams. The logo was going to be used for their website, podcast, social media accounts and product merchandising.</p></div></div></div>						</div>
				</div>
					</div>
		</div>
							</div>
		</section>
					</div>
		</div>
							</div>
		</section>
				<section class="elementor-section elementor-top-section elementor-element elementor-element-4b4e8de4 elementor-section-boxed elementor-section-height-default elementor-section-height-default" data-id="4b4e8de4" data-element_type="section">
						<div class="elementor-container elementor-column-gap-default">
					<div class="elementor-column elementor-col-100 elementor-top-column elementor-element elementor-element-34cb2190" data-id="34cb2190" data-element_type="column">
			<div class="elementor-widget-wrap elementor-element-populated">
								<div class="elementor-element elementor-element-7d7c3bfa elementor-widget elementor-widget-image" data-id="7d7c3bfa" data-element_type="widget" data-widget_type="image.default">
				<div class="elementor-widget-container">
																<a href="./../wp-content/uploads/2021/10/DLG-Logo-1.jpg" data-elementor-open-lightbox="yes">
							<img width="1500" height="1000" src="./../wp-content/uploads/2021/10/DLG-Logo-1.jpg" class="attachment-full size-full" alt="" loading="lazy" srcset="./../wp-content/uploads/2021/10/DLG-Logo-1.jpg 1500w, ./../wp-content/uploads/2021/10/DLG-Logo-1-300x200.jpg 300w, ./../wp-content/uploads/2021/10/DLG-Logo-1-1024x683.jpg 1024w, ./../wp-content/uploads/2021/10/DLG-Logo-1-768x512.jpg 768w" sizes="(max-width: 1500px) 100vw, 1500px" />								</a>
															</div>
				</div>
					</div>
		</div>
							</div>
		</section>
				<section class="elementor-section elementor-top-section elementor-element elementor-element-36438340 elementor-section-boxed elementor-section-height-default elementor-section-height-default" data-id="36438340" data-element_type="section">
						<div class="elementor-container elementor-column-gap-default">
					<div class="elementor-column elementor-col-50 elementor-top-column elementor-element elementor-element-6248e821" data-id="6248e821" data-element_type="column">
			<div class="elementor-widget-wrap elementor-element-populated">
								<div class="elementor-element elementor-element-1c4423b elementor-widget elementor-widget-image" data-id="1c4423b" data-element_type="widget" data-widget_type="image.default">
				<div class="elementor-widget-container">
																<a href="./../wp-content/uploads/2021/10/DLG-Logo-2.jpg" data-elementor-open-lightbox="yes">
							<img width="1500" height="1000" src="./../wp-content/uploads/2021/10/DLG-Logo-2.jpg" class="attachment-full size-full" alt="" loading="lazy" srcset="./../wp-content/uploads/2021/10/DLG-Logo-2.jpg 1500w, ./../wp-content/uploads/2021/10/DLG-Logo-2-300x200.jpg 300w, ./../wp-content/uploads/2021/10/DLG-Logo-2-1024x683.jpg 1024w, ./../wp-content/uploads/2021/10/DLG-Logo-2-768x512.jpg 768w" sizes="(max-width: 1500px) 100vw, 1500px" />								</a>
															</div>
				</div>
					</div>
		</div>
				<div class="elementor-column elementor-col-50 elementor-top-column elementor-element elementor-element-5fd16f05" data-id="5fd16f05" data-element_type="column">
			<div class="elementor-widget-wrap elementor-element-populated">
								<div class="elementor-element elementor-element-5ca206f4 elementor-widget elementor-widget-image" data-id="5ca206f4" data-element_type="widget" data-widget_type="image.default">
				<div class="elementor-widget-container">
																<a href="./../wp-content/uploads/2021/10/DLG-Logo-3.jpg" data-elementor-open-lightbox="yes">
							<img width="1500" height="1000" src="./../wp-content/uploads/2021/10/DLG-Logo-3.jpg" class="attachment-full size-full" alt="" loading="lazy" srcset="./../wp-content/uploads/2021/10/DLG-Logo-3.jpg 1500w, ./../wp-content/uploads/2021/10/DLG-Logo-3-300x200.jpg 300w, ./../wp-content/uploads/2021/10/DLG-Logo-3-1024x683.jpg 1024w, ./../wp-content/uploads/2021/10/DLG-Logo-3-768x512.jpg 768w" sizes="(max-width: 1500px) 100vw, 1500px" />								</a>
															</div>
				</div>
					</div>
		</div>
							</div>
		</section>
				<section class="elementor-section elementor-top-section elementor-element elementor-element-1a497abd elementor-section-boxed elementor-section-height-default elementor-section-height-default" data-id="1a497abd" data-element_type="section">
						<div class="elementor-container elementor-column-gap-default">
					<div class="elementor-column elementor-col-100 elementor-top-column elementor-element elementor-element-1695bb02" data-id="1695bb02" data-element_type="column">
			<div class="elementor-widget-wrap elementor-element-populated">
								<section class="elementor-section elementor-inner-section elementor-element elementor-element-112377e0 elementor-section-boxed elementor-section-height-default elementor-section-height-default" data-id="112377e0" data-element_type="section">
						<div class="elementor-container elementor-column-gap-default">
					<div class="elementor-column elementor-col-100 elementor-inner-column elementor-element elementor-element-24c27a0c" data-id="24c27a0c" data-element_type="column">
			<div class="elementor-widget-wrap elementor-element-populated">
								<div class="elementor-element elementor-element-30661ab3 elementor-widget elementor-widget-image" data-id="30661ab3" data-element_type="widget" data-widget_type="image.default">
				<div class="elementor-widget-container">
															<img width="185" height="148" src="./../wp-content/uploads/2021/10/DLG-Logo-PNG.png" class="attachment-full size-full" alt="" loading="lazy" />															</div>
				</div>
				<div class="elementor-element elementor-element-448fb655 elementor-widget elementor-widget-image" data-id="448fb655" data-element_type="widget" data-widget_type="image.default">
				<div class="elementor-widget-container">
															<img width="150" height="18" src="./../wp-content/uploads/2021/10/separator.png" class="attachment-large size-large" alt="" loading="lazy" />															</div>
				</div>
				<div class="elementor-element elementor-element-f41d4be elementor-widget elementor-widget-text-editor" data-id="f41d4be" data-element_type="widget" data-widget_type="text-editor.default">
				<div class="elementor-widget-container">
							<div class="brz-css-yppml brz-wrapper"><div class="brz-rich-text brz-css-btvwy" data-custom-id="dctwuyeuyezovuvhjmrfnspzydxslhmuyywm"><div><p>The main shape of the logo consists of the DLG letters, presented as a 3D cube. This could be viewed as a reference to 3D gaming. The logomark has an important element on the top &#8211; a small heart, which in most games is a common symbol for <i>health</i> or <i>a new life</i>. This made the design look more interesting, but also helps to convey the idea for a &#8220;new level&#8221;. Another great advantage is that, since the heart is a separate element, it can be given a different color for the various gaming teams.</p></div></div></div>						</div>
				</div>
					</div>
		</div>
							</div>
		</section>
					</div>
		</div>
							</div>
		</section>
				<section class="elementor-section elementor-top-section elementor-element elementor-element-999818c elementor-section-boxed elementor-section-height-default elementor-section-height-default" data-id="999818c" data-element_type="section">
						<div class="elementor-container elementor-column-gap-default">
					<div class="elementor-column elementor-col-100 elementor-top-column elementor-element elementor-element-f545fa6" data-id="f545fa6" data-element_type="column">
			<div class="elementor-widget-wrap elementor-element-populated">
								<div class="elementor-element elementor-element-1fb18a97 elementor-widget elementor-widget-image" data-id="1fb18a97" data-element_type="widget" data-widget_type="image.default">
				<div class="elementor-widget-container">
																<a href="./../wp-content/uploads/2021/10/DLG-Logo-Creation-Process.gif" data-elementor-open-lightbox="yes">
							<img width="1070" height="183" src="./../wp-content/uploads/2021/10/DLG-Logo-Creation-Process.gif" class="attachment-full size-full" alt="" loading="lazy" />								</a>
															</div>
				</div>
				<div class="elementor-element elementor-element-66b1bd3 elementor-widget elementor-widget-image" data-id="66b1bd3" data-element_type="widget" data-widget_type="image.default">
				<div class="elementor-widget-container">
																<a href="./../wp-content/uploads/2021/10/DLG-Logo-Idea.jpg" data-elementor-open-lightbox="yes">
							<img width="1070" height="800" src="./../wp-content/uploads/2021/10/DLG-Logo-Idea.jpg" class="attachment-full size-full" alt="" loading="lazy" srcset="./../wp-content/uploads/2021/10/DLG-Logo-Idea.jpg 1070w, ./../wp-content/uploads/2021/10/DLG-Logo-Idea-300x224.jpg 300w, ./../wp-content/uploads/2021/10/DLG-Logo-Idea-1024x766.jpg 1024w, ./../wp-content/uploads/2021/10/DLG-Logo-Idea-768x574.jpg 768w" sizes="(max-width: 1070px) 100vw, 1070px" />								</a>
															</div>
				</div>
				<div class="elementor-element elementor-element-ad74c70 elementor-widget elementor-widget-image" data-id="ad74c70" data-element_type="widget" data-widget_type="image.default">
				<div class="elementor-widget-container">
																<a href="./../wp-content/uploads/2021/10/DLG-Logo-Mockup-Mug.jpg" data-elementor-open-lightbox="yes">
							<img width="1070" height="800" src="./../wp-content/uploads/2021/10/DLG-Logo-Mockup-Mug.jpg" class="attachment-full size-full" alt="" loading="lazy" srcset="./../wp-content/uploads/2021/10/DLG-Logo-Mockup-Mug.jpg 1070w, ./../wp-content/uploads/2021/10/DLG-Logo-Mockup-Mug-300x224.jpg 300w, ./../wp-content/uploads/2021/10/DLG-Logo-Mockup-Mug-1024x766.jpg 1024w, ./../wp-content/uploads/2021/10/DLG-Logo-Mockup-Mug-768x574.jpg 768w" sizes="(max-width: 1070px) 100vw, 1070px" />								</a>
															</div>
				</div>
				<div class="elementor-element elementor-element-180a88a elementor-widget elementor-widget-image" data-id="180a88a" data-element_type="widget" data-widget_type="image.default">
				<div class="elementor-widget-container">
																<a href="./../wp-content/uploads/2021/10/DLG-Logo-Mockup-Website.jpg" data-elementor-open-lightbox="yes">
							<img width="1070" height="800" src="./../wp-content/uploads/2021/10/DLG-Logo-Mockup-Website.jpg" class="attachment-full size-full" alt="" loading="lazy" srcset="./../wp-content/uploads/2021/10/DLG-Logo-Mockup-Website.jpg 1070w, ./../wp-content/uploads/2021/10/DLG-Logo-Mockup-Website-300x224.jpg 300w, ./../wp-content/uploads/2021/10/DLG-Logo-Mockup-Website-1024x766.jpg 1024w, ./../wp-content/uploads/2021/10/DLG-Logo-Mockup-Website-768x574.jpg 768w" sizes="(max-width: 1070px) 100vw, 1070px" />								</a>
															</div>
				</div>
					</div>
		</div>
							</div>
		</section>
				<section class="elementor-section elementor-top-section elementor-element elementor-element-4e28b61 elementor-section-boxed elementor-section-height-default elementor-section-height-default" data-id="4e28b61" data-element_type="section">
						<div class="elementor-container elementor-column-gap-default">
					<div class="elementor-column elementor-col-100 elementor-top-column elementor-element elementor-element-436efa9" data-id="436efa9" data-element_type="column">
			<div class="elementor-widget-wrap elementor-element-populated">
								<div class="elementor-element elementor-element-7eda229 elementor-widget elementor-widget-image" data-id="7eda229" data-element_type="widget" data-widget_type="image.default">
				<div class="elementor-widget-container">
																<a href="./../wp-content/uploads/2021/10/DLG-Logo-Mockup-Headset.jpg" data-elementor-open-lightbox="yes">
							<img width="1070" height="800" src="./../wp-content/uploads/2021/10/DLG-Logo-Mockup-Headset.jpg" class="attachment-full size-full" alt="" loading="lazy" srcset="./../wp-content/uploads/2021/10/DLG-Logo-Mockup-Headset.jpg 1070w, ./../wp-content/uploads/2021/10/DLG-Logo-Mockup-Headset-300x224.jpg 300w, ./../wp-content/uploads/2021/10/DLG-Logo-Mockup-Headset-1024x766.jpg 1024w, ./../wp-content/uploads/2021/10/DLG-Logo-Mockup-Headset-768x574.jpg 768w" sizes="(max-width: 1070px) 100vw, 1070px" />								</a>
															</div>
				</div>
				<div class="elementor-element elementor-element-d26950d elementor-widget elementor-widget-image" data-id="d26950d" data-element_type="widget" data-widget_type="image.default">
				<div class="elementor-widget-container">
																<a href="./../wp-content/uploads/2021/10/DLG-Logo-Mockup-Podcast.jpg" data-elementor-open-lightbox="yes">
							<img width="1078" height="800" src="./../wp-content/uploads/2021/10/DLG-Logo-Mockup-Podcast.jpg" class="attachment-full size-full" alt="" loading="lazy" srcset="./../wp-content/uploads/2021/10/DLG-Logo-Mockup-Podcast.jpg 1078w, ./../wp-content/uploads/2021/10/DLG-Logo-Mockup-Podcast-300x223.jpg 300w, ./../wp-content/uploads/2021/10/DLG-Logo-Mockup-Podcast-1024x760.jpg 1024w, ./../wp-content/uploads/2021/10/DLG-Logo-Mockup-Podcast-768x570.jpg 768w" sizes="(max-width: 1078px) 100vw, 1078px" />								</a>
															</div>
				</div>
				<div class="elementor-element elementor-element-920eea1 elementor-widget elementor-widget-image" data-id="920eea1" data-element_type="widget" data-widget_type="image.default">
				<div class="elementor-widget-container">
																<a href="./../wp-content/uploads/2021/10/DLG-Logo-Mockup-Teams.jpg" data-elementor-open-lightbox="yes">
							<img width="1070" height="800" src="./../wp-content/uploads/2021/10/DLG-Logo-Mockup-Teams.jpg" class="attachment-full size-full" alt="" loading="lazy" srcset="./../wp-content/uploads/2021/10/DLG-Logo-Mockup-Teams.jpg 1070w, ./../wp-content/uploads/2021/10/DLG-Logo-Mockup-Teams-300x224.jpg 300w, ./../wp-content/uploads/2021/10/DLG-Logo-Mockup-Teams-1024x766.jpg 1024w, ./../wp-content/uploads/2021/10/DLG-Logo-Mockup-Teams-768x574.jpg 768w" sizes="(max-width: 1070px) 100vw, 1070px" />								</a>
															</div>
				</div>
					</div>
		</div>
							</div>
		</section>
						</div>
					</div>
		]]></content:encoded>
					
		
		
			</item>
		<item>
		<title>Tedi Eroteeva</title>
		<link>./../tedi-eroteeva/index.html</link>
		
		<dc:creator><![CDATA[studioSGN]]></dc:creator>
		<pubDate>Mon, 11 Oct 2021 16:20:37 +0000</pubDate>
				<category><![CDATA[Logo Design]]></category>
		<guid isPermaLink="false">./../index.html?p=317</guid>

					<description><![CDATA[Tedi Eroteeva when May 2019 – June 2019 who Tedi Eroteeva what Logo Design about Tedi Eroteeva is a young singer with great passion for traditional Bulgarian folklore music. Being a solo artist is quite challenging, especially in her music genre, which is why having a personal logo was a great way for Tedi to [&#8230;]]]></description>
										<content:encoded><![CDATA[		<div data-elementor-type="wp-post" data-elementor-id="317" class="elementor elementor-317" data-elementor-settings="[]">
							<div class="elementor-section-wrap">
							<section class="elementor-section elementor-top-section elementor-element elementor-element-ed22fb9 elementor-section-boxed elementor-section-height-default elementor-section-height-default" data-id="ed22fb9" data-element_type="section">
						<div class="elementor-container elementor-column-gap-default">
					<div class="elementor-column elementor-col-100 elementor-top-column elementor-element elementor-element-96eba69" data-id="96eba69" data-element_type="column">
			<div class="elementor-widget-wrap elementor-element-populated">
								<div class="elementor-element elementor-element-71174be elementor-widget elementor-widget-page-title" data-id="71174be" data-element_type="widget" data-widget_type="page-title.default">
				<div class="elementor-widget-container">
					
		<div class="hfe-page-title hfe-page-title-wrapper elementor-widget-heading">

								<h1 class="elementor-heading-title elementor-size-default">
								
				Tedi Eroteeva  
			</h1 > 
					</div>
				</div>
				</div>
				<div class="elementor-element elementor-element-70d0919 elementor-widget elementor-widget-image" data-id="70d0919" data-element_type="widget" data-widget_type="image.default">
				<div class="elementor-widget-container">
															<img width="150" height="18" src="./../wp-content/uploads/2021/10/separator.png" class="attachment-large size-large" alt="" loading="lazy" />															</div>
				</div>
				<div class="elementor-element elementor-element-077accc elementor-widget elementor-widget-image" data-id="077accc" data-element_type="widget" data-widget_type="image.default">
				<div class="elementor-widget-container">
																<a href="./../wp-content/uploads/2021/10/Tedi-Logo-Mockup-Signing-Card.jpg" data-elementor-open-lightbox="yes">
							<img width="1070" height="800" src="./../wp-content/uploads/2021/10/Tedi-Logo-Mockup-Signing-Card.jpg" class="attachment-full size-full" alt="" loading="lazy" srcset="./../wp-content/uploads/2021/10/Tedi-Logo-Mockup-Signing-Card.jpg 1070w, ./../wp-content/uploads/2021/10/Tedi-Logo-Mockup-Signing-Card-300x224.jpg 300w, ./../wp-content/uploads/2021/10/Tedi-Logo-Mockup-Signing-Card-1024x766.jpg 1024w, ./../wp-content/uploads/2021/10/Tedi-Logo-Mockup-Signing-Card-768x574.jpg 768w" sizes="(max-width: 1070px) 100vw, 1070px" />								</a>
															</div>
				</div>
					</div>
		</div>
							</div>
		</section>
				<section class="elementor-section elementor-top-section elementor-element elementor-element-6b1cc9ac elementor-section-boxed elementor-section-height-default elementor-section-height-default" data-id="6b1cc9ac" data-element_type="section">
						<div class="elementor-container elementor-column-gap-default">
					<div class="elementor-column elementor-col-100 elementor-top-column elementor-element elementor-element-1dff095" data-id="1dff095" data-element_type="column">
			<div class="elementor-widget-wrap elementor-element-populated">
								<section class="elementor-section elementor-inner-section elementor-element elementor-element-6275110f elementor-section-boxed elementor-section-height-default elementor-section-height-default" data-id="6275110f" data-element_type="section">
						<div class="elementor-container elementor-column-gap-default">
					<div class="elementor-column elementor-col-33 elementor-inner-column elementor-element elementor-element-71f165d9" data-id="71f165d9" data-element_type="column">
			<div class="elementor-widget-wrap elementor-element-populated">
								<div class="elementor-element elementor-element-88c4856 elementor-widget elementor-widget-heading" data-id="88c4856" data-element_type="widget" data-widget_type="heading.default">
				<div class="elementor-widget-container">
			<h3 class="elementor-heading-title elementor-size-default">when</h3>		</div>
				</div>
				<div class="elementor-element elementor-element-d5574b8 elementor-widget elementor-widget-text-editor" data-id="d5574b8" data-element_type="widget" data-widget_type="text-editor.default">
				<div class="elementor-widget-container">
							<p>May 2019 – June 2019</p>						</div>
				</div>
					</div>
		</div>
				<div class="elementor-column elementor-col-33 elementor-inner-column elementor-element elementor-element-c514a00" data-id="c514a00" data-element_type="column">
			<div class="elementor-widget-wrap elementor-element-populated">
								<div class="elementor-element elementor-element-3ee59891 elementor-widget elementor-widget-heading" data-id="3ee59891" data-element_type="widget" data-widget_type="heading.default">
				<div class="elementor-widget-container">
			<h3 class="elementor-heading-title elementor-size-default">who</h3>		</div>
				</div>
				<div class="elementor-element elementor-element-77717f72 elementor-widget elementor-widget-text-editor" data-id="77717f72" data-element_type="widget" data-widget_type="text-editor.default">
				<div class="elementor-widget-container">
							<p>Tedi Eroteeva</p>						</div>
				</div>
					</div>
		</div>
				<div class="elementor-column elementor-col-33 elementor-inner-column elementor-element elementor-element-2f68051a" data-id="2f68051a" data-element_type="column">
			<div class="elementor-widget-wrap elementor-element-populated">
								<div class="elementor-element elementor-element-103bcf0e elementor-widget elementor-widget-heading" data-id="103bcf0e" data-element_type="widget" data-widget_type="heading.default">
				<div class="elementor-widget-container">
			<h3 class="elementor-heading-title elementor-size-default">what</h3>		</div>
				</div>
				<div class="elementor-element elementor-element-1b95510f elementor-widget elementor-widget-text-editor" data-id="1b95510f" data-element_type="widget" data-widget_type="text-editor.default">
				<div class="elementor-widget-container">
							<p>Logo Design</p>						</div>
				</div>
					</div>
		</div>
							</div>
		</section>
				<section class="elementor-section elementor-inner-section elementor-element elementor-element-2c18084a elementor-section-boxed elementor-section-height-default elementor-section-height-default" data-id="2c18084a" data-element_type="section">
						<div class="elementor-container elementor-column-gap-default">
					<div class="elementor-column elementor-col-100 elementor-inner-column elementor-element elementor-element-247c47a9" data-id="247c47a9" data-element_type="column">
			<div class="elementor-widget-wrap elementor-element-populated">
								<div class="elementor-element elementor-element-161b63f6 elementor-widget elementor-widget-heading" data-id="161b63f6" data-element_type="widget" data-widget_type="heading.default">
				<div class="elementor-widget-container">
			<h3 class="elementor-heading-title elementor-size-default">about</h3>		</div>
				</div>
				<div class="elementor-element elementor-element-19be1b16 elementor-widget elementor-widget-text-editor" data-id="19be1b16" data-element_type="widget" data-widget_type="text-editor.default">
				<div class="elementor-widget-container">
							<div class="brz-css-yppml brz-wrapper"><div class="brz-rich-text brz-css-btvwy" data-custom-id="dctwuyeuyezovuvhjmrfnspzydxslhmuyywm"><div><p class="brz-css-lkaic" data-uniq-id="yaelm" data-generated-css="brz-css-trach">Tedi Eroteeva is a young singer with great passion for traditional Bulgarian folklore music. Being a solo artist is quite challenging, especially in her music genre, which is why having a personal logo was a great way for Tedi to stand out among other folklore musicians and potentially reach a bigger audience. It would made her brand look more professional and better appealing to younger people.</p></div></div></div>						</div>
				</div>
					</div>
		</div>
							</div>
		</section>
					</div>
		</div>
							</div>
		</section>
				<section class="elementor-section elementor-top-section elementor-element elementor-element-4b4e8de4 elementor-section-boxed elementor-section-height-default elementor-section-height-default" data-id="4b4e8de4" data-element_type="section">
						<div class="elementor-container elementor-column-gap-default">
					<div class="elementor-column elementor-col-100 elementor-top-column elementor-element elementor-element-34cb2190" data-id="34cb2190" data-element_type="column">
			<div class="elementor-widget-wrap elementor-element-populated">
								<div class="elementor-element elementor-element-7d7c3bfa elementor-widget elementor-widget-image" data-id="7d7c3bfa" data-element_type="widget" data-widget_type="image.default">
				<div class="elementor-widget-container">
																<a href="./../wp-content/uploads/2021/10/Tedi-Logo-1.jpg" data-elementor-open-lightbox="yes">
							<img width="1500" height="1000" src="./../wp-content/uploads/2021/10/Tedi-Logo-1.jpg" class="attachment-full size-full" alt="" loading="lazy" srcset="./../wp-content/uploads/2021/10/Tedi-Logo-1.jpg 1500w, ./../wp-content/uploads/2021/10/Tedi-Logo-1-300x200.jpg 300w, ./../wp-content/uploads/2021/10/Tedi-Logo-1-1024x683.jpg 1024w, ./../wp-content/uploads/2021/10/Tedi-Logo-1-768x512.jpg 768w" sizes="(max-width: 1500px) 100vw, 1500px" />								</a>
															</div>
				</div>
					</div>
		</div>
							</div>
		</section>
				<section class="elementor-section elementor-top-section elementor-element elementor-element-36438340 elementor-section-boxed elementor-section-height-default elementor-section-height-default" data-id="36438340" data-element_type="section">
						<div class="elementor-container elementor-column-gap-default">
					<div class="elementor-column elementor-col-50 elementor-top-column elementor-element elementor-element-6248e821" data-id="6248e821" data-element_type="column">
			<div class="elementor-widget-wrap elementor-element-populated">
								<div class="elementor-element elementor-element-1c4423b elementor-widget elementor-widget-image" data-id="1c4423b" data-element_type="widget" data-widget_type="image.default">
				<div class="elementor-widget-container">
																<a href="./../wp-content/uploads/2021/10/Tedi-Logo-2.png" data-elementor-open-lightbox="yes">
							<img width="1500" height="1000" src="./../wp-content/uploads/2021/10/Tedi-Logo-2.png" class="attachment-full size-full" alt="" loading="lazy" srcset="./../wp-content/uploads/2021/10/Tedi-Logo-2.png 1500w, ./../wp-content/uploads/2021/10/Tedi-Logo-2-300x200.png 300w, ./../wp-content/uploads/2021/10/Tedi-Logo-2-1024x683.png 1024w, ./../wp-content/uploads/2021/10/Tedi-Logo-2-768x512.png 768w" sizes="(max-width: 1500px) 100vw, 1500px" />								</a>
															</div>
				</div>
					</div>
		</div>
				<div class="elementor-column elementor-col-50 elementor-top-column elementor-element elementor-element-5fd16f05" data-id="5fd16f05" data-element_type="column">
			<div class="elementor-widget-wrap elementor-element-populated">
								<div class="elementor-element elementor-element-5ca206f4 elementor-widget elementor-widget-image" data-id="5ca206f4" data-element_type="widget" data-widget_type="image.default">
				<div class="elementor-widget-container">
																<a href="./../wp-content/uploads/2021/10/Tedi-Logo-3.png" data-elementor-open-lightbox="yes">
							<img width="1500" height="1000" src="./../wp-content/uploads/2021/10/Tedi-Logo-3.png" class="attachment-full size-full" alt="" loading="lazy" srcset="./../wp-content/uploads/2021/10/Tedi-Logo-3.png 1500w, ./../wp-content/uploads/2021/10/Tedi-Logo-3-300x200.png 300w, ./../wp-content/uploads/2021/10/Tedi-Logo-3-1024x683.png 1024w, ./../wp-content/uploads/2021/10/Tedi-Logo-3-768x512.png 768w" sizes="(max-width: 1500px) 100vw, 1500px" />								</a>
															</div>
				</div>
					</div>
		</div>
							</div>
		</section>
				<section class="elementor-section elementor-top-section elementor-element elementor-element-1a497abd elementor-section-boxed elementor-section-height-default elementor-section-height-default" data-id="1a497abd" data-element_type="section">
						<div class="elementor-container elementor-column-gap-default">
					<div class="elementor-column elementor-col-100 elementor-top-column elementor-element elementor-element-1695bb02" data-id="1695bb02" data-element_type="column">
			<div class="elementor-widget-wrap elementor-element-populated">
								<section class="elementor-section elementor-inner-section elementor-element elementor-element-112377e0 elementor-section-boxed elementor-section-height-default elementor-section-height-default" data-id="112377e0" data-element_type="section">
						<div class="elementor-container elementor-column-gap-default">
					<div class="elementor-column elementor-col-100 elementor-inner-column elementor-element elementor-element-24c27a0c" data-id="24c27a0c" data-element_type="column">
			<div class="elementor-widget-wrap elementor-element-populated">
								<div class="elementor-element elementor-element-30661ab3 elementor-widget elementor-widget-image" data-id="30661ab3" data-element_type="widget" data-widget_type="image.default">
				<div class="elementor-widget-container">
															<img width="300" height="168" src="./../wp-content/uploads/2021/10/Tedi-Logo-PNG-300x168.png" class="attachment-medium size-medium" alt="" loading="lazy" srcset="./../wp-content/uploads/2021/10/Tedi-Logo-PNG-300x168.png 300w, ./../wp-content/uploads/2021/10/Tedi-Logo-PNG-1024x574.png 1024w, ./../wp-content/uploads/2021/10/Tedi-Logo-PNG-768x430.png 768w, ./../wp-content/uploads/2021/10/Tedi-Logo-PNG.png 1324w" sizes="(max-width: 300px) 100vw, 300px" />															</div>
				</div>
				<div class="elementor-element elementor-element-448fb655 elementor-widget elementor-widget-image" data-id="448fb655" data-element_type="widget" data-widget_type="image.default">
				<div class="elementor-widget-container">
															<img width="150" height="18" src="./../wp-content/uploads/2021/10/separator.png" class="attachment-large size-large" alt="" loading="lazy" />															</div>
				</div>
				<div class="elementor-element elementor-element-f41d4be elementor-widget elementor-widget-text-editor" data-id="f41d4be" data-element_type="widget" data-widget_type="text-editor.default">
				<div class="elementor-widget-container">
							<div class="brz-css-yppml brz-wrapper">
<div class="brz-rich-text brz-css-btvwy" data-custom-id="dctwuyeuyezovuvhjmrfnspzydxslhmuyywm">
<div>
<p>The unique logomark includes a touch of Bulgarian folklore to better represent Tedi&#8217;s field of work. It resembles a traditional folk embroidery and it also has her initials creatively incorporated into the design. The final logo design is not just memorable but also matches her personality, having a tender and feminine vibe to it. The main logotype is written in a Bulgarian Cyrillic font, but it also has a Latin-letter version, so that it can be internationally legible</p></div></div></div>						</div>
				</div>
					</div>
		</div>
							</div>
		</section>
					</div>
		</div>
							</div>
		</section>
				<section class="elementor-section elementor-top-section elementor-element elementor-element-999818c elementor-section-boxed elementor-section-height-default elementor-section-height-default" data-id="999818c" data-element_type="section">
						<div class="elementor-container elementor-column-gap-default">
					<div class="elementor-column elementor-col-100 elementor-top-column elementor-element elementor-element-f545fa6" data-id="f545fa6" data-element_type="column">
			<div class="elementor-widget-wrap elementor-element-populated">
								<div class="elementor-element elementor-element-1fb18a97 elementor-widget elementor-widget-image" data-id="1fb18a97" data-element_type="widget" data-widget_type="image.default">
				<div class="elementor-widget-container">
																<a href="./../wp-content/uploads/2021/10/Tedi-Logo-Creation-Process.gif" data-elementor-open-lightbox="yes">
							<img width="1070" height="183" src="./../wp-content/uploads/2021/10/Tedi-Logo-Creation-Process.gif" class="attachment-full size-full" alt="" loading="lazy" />								</a>
															</div>
				</div>
				<div class="elementor-element elementor-element-66b1bd3 elementor-widget elementor-widget-image" data-id="66b1bd3" data-element_type="widget" data-widget_type="image.default">
				<div class="elementor-widget-container">
																<a href="./../wp-content/uploads/2021/10/Tedi-Logo-Idea.jpg" data-elementor-open-lightbox="yes">
							<img width="1070" height="800" src="./../wp-content/uploads/2021/10/Tedi-Logo-Idea.jpg" class="attachment-full size-full" alt="" loading="lazy" srcset="./../wp-content/uploads/2021/10/Tedi-Logo-Idea.jpg 1070w, ./../wp-content/uploads/2021/10/Tedi-Logo-Idea-300x224.jpg 300w, ./../wp-content/uploads/2021/10/Tedi-Logo-Idea-1024x766.jpg 1024w, ./../wp-content/uploads/2021/10/Tedi-Logo-Idea-768x574.jpg 768w" sizes="(max-width: 1070px) 100vw, 1070px" />								</a>
															</div>
				</div>
				<div class="elementor-element elementor-element-ad74c70 elementor-widget elementor-widget-image" data-id="ad74c70" data-element_type="widget" data-widget_type="image.default">
				<div class="elementor-widget-container">
																<a href="./../wp-content/uploads/2021/10/Tedi-Logo-BG-ENG.png" data-elementor-open-lightbox="yes">
							<img width="3508" height="1388" src="./../wp-content/uploads/2021/10/Tedi-Logo-BG-ENG.png" class="attachment-full size-full" alt="" loading="lazy" srcset="./../wp-content/uploads/2021/10/Tedi-Logo-BG-ENG.png 3508w, ./../wp-content/uploads/2021/10/Tedi-Logo-BG-ENG-300x119.png 300w, ./../wp-content/uploads/2021/10/Tedi-Logo-BG-ENG-1024x405.png 1024w, ./../wp-content/uploads/2021/10/Tedi-Logo-BG-ENG-768x304.png 768w, ./../wp-content/uploads/2021/10/Tedi-Logo-BG-ENG-1536x608.png 1536w, ./../wp-content/uploads/2021/10/Tedi-Logo-BG-ENG-2048x810.png 2048w" sizes="(max-width: 3508px) 100vw, 3508px" />								</a>
															</div>
				</div>
				<div class="elementor-element elementor-element-180a88a elementor-widget elementor-widget-image" data-id="180a88a" data-element_type="widget" data-widget_type="image.default">
				<div class="elementor-widget-container">
																<a href="./../wp-content/uploads/2021/10/Tedi-Logo-Mockup-Billboard.jpg" data-elementor-open-lightbox="yes">
							<img width="1070" height="800" src="./../wp-content/uploads/2021/10/Tedi-Logo-Mockup-Billboard.jpg" class="attachment-full size-full" alt="" loading="lazy" srcset="./../wp-content/uploads/2021/10/Tedi-Logo-Mockup-Billboard.jpg 1070w, ./../wp-content/uploads/2021/10/Tedi-Logo-Mockup-Billboard-300x224.jpg 300w, ./../wp-content/uploads/2021/10/Tedi-Logo-Mockup-Billboard-1024x766.jpg 1024w, ./../wp-content/uploads/2021/10/Tedi-Logo-Mockup-Billboard-768x574.jpg 768w" sizes="(max-width: 1070px) 100vw, 1070px" />								</a>
															</div>
				</div>
					</div>
		</div>
							</div>
		</section>
				<section class="elementor-section elementor-top-section elementor-element elementor-element-d07d81c elementor-section-boxed elementor-section-height-default elementor-section-height-default" data-id="d07d81c" data-element_type="section">
						<div class="elementor-container elementor-column-gap-default">
					<div class="elementor-column elementor-col-50 elementor-top-column elementor-element elementor-element-72f000c" data-id="72f000c" data-element_type="column">
			<div class="elementor-widget-wrap elementor-element-populated">
								<div class="elementor-element elementor-element-c97f832 elementor-widget elementor-widget-image" data-id="c97f832" data-element_type="widget" data-widget_type="image.default">
				<div class="elementor-widget-container">
																<a href="./../wp-content/uploads/2021/10/Tedi-Logo-Mockup-Microphone.jpg" data-elementor-open-lightbox="yes">
							<img width="1070" height="800" src="./../wp-content/uploads/2021/10/Tedi-Logo-Mockup-Microphone.jpg" class="attachment-full size-full" alt="" loading="lazy" srcset="./../wp-content/uploads/2021/10/Tedi-Logo-Mockup-Microphone.jpg 1070w, ./../wp-content/uploads/2021/10/Tedi-Logo-Mockup-Microphone-300x224.jpg 300w, ./../wp-content/uploads/2021/10/Tedi-Logo-Mockup-Microphone-1024x766.jpg 1024w, ./../wp-content/uploads/2021/10/Tedi-Logo-Mockup-Microphone-768x574.jpg 768w" sizes="(max-width: 1070px) 100vw, 1070px" />								</a>
															</div>
				</div>
					</div>
		</div>
				<div class="elementor-column elementor-col-50 elementor-top-column elementor-element elementor-element-b21d5c7" data-id="b21d5c7" data-element_type="column">
			<div class="elementor-widget-wrap elementor-element-populated">
								<div class="elementor-element elementor-element-b5120d3 elementor-widget elementor-widget-image" data-id="b5120d3" data-element_type="widget" data-widget_type="image.default">
				<div class="elementor-widget-container">
																<a href="./../wp-content/uploads/2021/10/Tedi-Logo-Mockup-Album.jpg" data-elementor-open-lightbox="yes">
							<img width="1070" height="800" src="./../wp-content/uploads/2021/10/Tedi-Logo-Mockup-Album.jpg" class="attachment-full size-full" alt="" loading="lazy" srcset="./../wp-content/uploads/2021/10/Tedi-Logo-Mockup-Album.jpg 1070w, ./../wp-content/uploads/2021/10/Tedi-Logo-Mockup-Album-300x224.jpg 300w, ./../wp-content/uploads/2021/10/Tedi-Logo-Mockup-Album-1024x766.jpg 1024w, ./../wp-content/uploads/2021/10/Tedi-Logo-Mockup-Album-768x574.jpg 768w" sizes="(max-width: 1070px) 100vw, 1070px" />								</a>
															</div>
				</div>
					</div>
		</div>
							</div>
		</section>
				<section class="elementor-section elementor-top-section elementor-element elementor-element-4e28b61 elementor-section-boxed elementor-section-height-default elementor-section-height-default" data-id="4e28b61" data-element_type="section">
						<div class="elementor-container elementor-column-gap-default">
					<div class="elementor-column elementor-col-100 elementor-top-column elementor-element elementor-element-436efa9" data-id="436efa9" data-element_type="column">
			<div class="elementor-widget-wrap elementor-element-populated">
								<div class="elementor-element elementor-element-7eda229 elementor-widget elementor-widget-image" data-id="7eda229" data-element_type="widget" data-widget_type="image.default">
				<div class="elementor-widget-container">
																<a href="./../wp-content/uploads/2021/10/Tedi-Logo-Mockup-YouTube.jpg" data-elementor-open-lightbox="yes">
							<img width="1070" height="800" src="./../wp-content/uploads/2021/10/Tedi-Logo-Mockup-YouTube.jpg" class="attachment-full size-full" alt="" loading="lazy" srcset="./../wp-content/uploads/2021/10/Tedi-Logo-Mockup-YouTube.jpg 1070w, ./../wp-content/uploads/2021/10/Tedi-Logo-Mockup-YouTube-300x224.jpg 300w, ./../wp-content/uploads/2021/10/Tedi-Logo-Mockup-YouTube-1024x766.jpg 1024w, ./../wp-content/uploads/2021/10/Tedi-Logo-Mockup-YouTube-768x574.jpg 768w" sizes="(max-width: 1070px) 100vw, 1070px" />								</a>
															</div>
				</div>
				<div class="elementor-element elementor-element-d26950d elementor-widget elementor-widget-image" data-id="d26950d" data-element_type="widget" data-widget_type="image.default">
				<div class="elementor-widget-container">
																<a href="./../wp-content/uploads/2021/10/Tedi-Logo-Mockup-Nails-Design.jpg" data-elementor-open-lightbox="yes">
							<img width="1070" height="800" src="./../wp-content/uploads/2021/10/Tedi-Logo-Mockup-Nails-Design.jpg" class="attachment-full size-full" alt="" loading="lazy" srcset="./../wp-content/uploads/2021/10/Tedi-Logo-Mockup-Nails-Design.jpg 1070w, ./../wp-content/uploads/2021/10/Tedi-Logo-Mockup-Nails-Design-300x224.jpg 300w, ./../wp-content/uploads/2021/10/Tedi-Logo-Mockup-Nails-Design-1024x766.jpg 1024w, ./../wp-content/uploads/2021/10/Tedi-Logo-Mockup-Nails-Design-768x574.jpg 768w" sizes="(max-width: 1070px) 100vw, 1070px" />								</a>
															</div>
				</div>
				<div class="elementor-element elementor-element-920eea1 elementor-widget elementor-widget-image" data-id="920eea1" data-element_type="widget" data-widget_type="image.default">
				<div class="elementor-widget-container">
																<a href="./../wp-content/uploads/2021/10/Tedi-Logo-Mockup-T-Shirt.jpg" data-elementor-open-lightbox="yes">
							<img width="1070" height="800" src="./../wp-content/uploads/2021/10/Tedi-Logo-Mockup-T-Shirt.jpg" class="attachment-full size-full" alt="" loading="lazy" srcset="./../wp-content/uploads/2021/10/Tedi-Logo-Mockup-T-Shirt.jpg 1070w, ./../wp-content/uploads/2021/10/Tedi-Logo-Mockup-T-Shirt-300x224.jpg 300w, ./../wp-content/uploads/2021/10/Tedi-Logo-Mockup-T-Shirt-1024x766.jpg 1024w, ./../wp-content/uploads/2021/10/Tedi-Logo-Mockup-T-Shirt-768x574.jpg 768w" sizes="(max-width: 1070px) 100vw, 1070px" />								</a>
															</div>
				</div>
					</div>
		</div>
							</div>
		</section>
						</div>
					</div>
		]]></content:encoded>
					
		
		
			</item>
	</channel>
</rss>
